id,first_name,last_name,email,gender,ip_address
1,Morie,Shimmin,mshimmin0@tinypic.com,Male,229.91.21.14
2,Boycie,MacKey,bmackey1@friendfeed.com,Male,102.136.241.17
3,Libbey,Tottem,ltottem2@china.com.cn,Female,206.229.85.17
4,Meir,McDougald,mmcdougald3@icq.com,Male,251.83.31.11
5,Glynda,Pauwel,gpauwel4@smh.com.au,Female,49.181.26.114
6,Elsey,Rosander,erosander5@instagram.com,Female,60.243.7.217
7,Tye,Micah,tmicah6@tuttocitta.it,Male,170.43.228.163
8,Flemming,Shoulder,fshoulder7@wikimedia.org,Male,98.39.109.33
9,Teddie,MacGow,tmacgow8@livejournal.com,Male,19.60.211.178
10,Alfonso,Braisby,abraisby9@pen.io,Male,29.200.12.123
11,Quentin,Barrat,qbarrata@foxnews.com,Female,130.136.65.250
12,Quinton,O'Shiels,qoshielsb@networkadvertising.org,Male,245.142.134.173
13,Karalynn,Belfitt,kbelfittc@scribd.com,Female,18.21.5.244
14,Linn,Bruhnke,lbruhnked@netscape.com,Female,174.226.110.25
15,Goldina,Feaks,gfeakse@census.gov,Agender,201.172.128.130
16,Ashley,Broadist,abroadistf@google.cn,Bigender,214.98.46.204
17,Ingelbert,Edards,iedardsg@example.com,Male,23.194.123.42
18,Louise,Fern,lfernh@domainmarket.com,Female,249.246.93.213
19,Lorelle,Hapgood,lhapgoodi@canalblog.com,Female,255.60.232.93
20,Andrea,MacCard,amaccardj@xrea.com,Male,71.244.203.178
21,Julian,Otson,jotsonk@examiner.com,Male,209.123.202.125
22,Tootsie,Tithecote,ttithecotel@de.vu,Female,253.154.234.117
23,Vernor,Tallet,vtalletm@rediff.com,Male,16.74.243.162
24,Boone,Dewan,bdewann@toplist.cz,Male,163.112.3.210
25,Marshall,Gjerde,mgjerdeo@unesco.org,Male,126.52.154.186
